,city,day,mean,std_err,lower,upper
0,Denver,20,2.58,0.4107219253947858,1.77498502622622,3.3850149737737802
1,Denver,21,2.6125,0.405661111643697,1.8174042211783537,3.407595778821646
2,Denver,22,2.6774999999999998,0.4175445335530092,1.859112714236102,3.4958872857638976
3,Denver,23,2.6525000000000003,0.4193816132116428,1.8305120381051805,3.47448796189482
4,Denver,24,2.7525000000000004,0.41696035483004856,1.9352577045331052,3.5697422954668956
5,Denver,25,2.8425000000000002,0.3959525697605712,2.0664329632692806,3.61856703673072
6,Denver,26,2.7175,0.3778603412638061,1.97689373112294,3.4581062688770596
7,Denver,27,2.4349999999999996,0.3278738324416879,1.7923672884142914,3.077632711585708
8,Denver,29,2.335,0.31040497740854606,1.7266062442792496,2.9433937557207503
9,Denver,30,2.1275,0.24102580256063877,1.655089426981148,2.599910573018852
10,Denver,31,2.0949999999999998,0.23958036230041896,1.6254224898911787,2.564577510108821
11,Denver,32,2.095,0.23958036230041896,1.625422489891179,2.5645775101088213
12,Denver,33,2.3875,0.354486865059906,1.6927057444825844,3.082294255517416
13,Denver,34,2.6375,0.40354483951600717,1.8465521145486261,3.4284478854513742
14,Denver,35,2.7275,0.3831526295094423,1.9765208461614932,3.478479153838507
15,Denver,36,2.6849999999999996,0.3912815482488281,1.9180881654322965,3.451911834567703
16,Denver,37,2.7525,0.3804023363492921,2.0069114207553875,3.4980885792446124
17,Denver,38,3.085,0.5240121658893045,2.057936154856963,4.112063845143037
18,Denver,39,3.0775,0.5236587032600528,2.0511289416102967,4.103871058389704
19,Denver,40,3.0349999999999997,0.5310378988358552,1.9941657182817236,4.075834281718276
20,Denver,41,3.1025,0.5294864847189208,2.0647064899509155,4.1402935100490845
21,Denver,42,3.0949999999999998,0.5305645578061166,2.0550934667000114,4.134906533299988
22,Denver,43,3.0450000000000004,0.5247368388058913,2.016515795940453,4.073484204059548
23,Denver,44,3.3199999999999994,0.5594238107195653,2.2235293309896518,4.416470669010347
24,Denver,45,3.3600000000000003,0.5614223009464444,2.259612290144969,4.4603877098550315
25,Denver,46,3.3600000000000003,0.5614223009464444,2.259612290144969,4.4603877098550315
26,Denver,47,3.4274999999999998,0.5610088568819569,2.327922640511364,4.5270773594886355
27,Denver,48,3.4599999999999995,0.5548378141403125,2.3725178842849868,4.547482115715012
28,Denver,49,3.3849999999999993,0.5660289303560375,2.275583296502166,4.494416703497833
29,Denver,50,3.425,0.5624666656789539,2.3225653352692506,4.527434664730749
30,Denver,51,3.3649999999999998,0.5730085077902421,2.2419033247311253,4.488096675268874
31,Denver,52,3.3325000000000005,0.5787192216437951,2.198210325578162,4.466789674421839
32,Denver,53,3.0475000000000003,0.5415772682637261,1.9860085542030972,4.108991445796903
33,Denver,54,2.7725,0.5198133679504597,1.753665798817099,3.791334201182901
34,Denver,55,2.8075,0.5176542644468409,1.792897641684192,3.8221023583158082
35,Denver,56,2.875,0.5086686052824569,1.8780095336463845,3.8719904663536155
36,Denver,57,2.9425,0.5081126228504859,1.9465992592130477,3.9384007407869523
37,Denver,58,2.7,0.3731789115156428,1.9685693334293402,3.43143066657066
38,Denver,59,2.6574999999999998,0.3709156743789617,1.9305052782172347,3.384494721782765
39,Denver,60,2.775,0.3589829383132296,2.07139344090607,3.47860655909393
40,Denver,61,2.6825,0.3609583597868319,1.9750216148178095,3.3899783851821907
41,Denver,62,2.79,0.35854915980936275,2.087243646773649,3.4927563532263513
42,Denver,63,2.7325,0.35481112933503084,2.0370701865033394,3.4279298134966605
43,Denver,64,2.45,0.26958301133417145,1.921617297785024,2.9783827022149763
44,Denver,65,2.5675,0.32791529012841103,1.9247860313483143,3.2102139686516855
45,Denver,66,2.5275,0.334840913718739,1.8712118091112715,3.183788190888728
46,Denver,67,2.5599999999999996,0.3433766153948169,1.8869818338261584,3.233018166173841
47,Denver,68,2.5175,0.3514127736722158,1.8287309636024571,3.206269036397543
48,Denver,69,2.6424999999999996,0.3454937589884946,1.9653322323825502,3.319667767617449
49,Denver,70,2.6275,0.34546119536063674,1.950396057093152,3.304603942906848
50,Denver,71,2.745,0.333145989019829,2.092033861521135,3.397966138478865
51,Denver,72,2.7775,0.3260650816938238,2.1384124398801054,3.4165875601198943
52,Denver,73,2.7375,0.3342879559601273,2.0822956063181506,3.392704393681849
53,Denver,74,2.7275,0.3370177109589347,2.066945286520488,3.3880547134795123
54,Denver,75,2.635,0.35187178062470426,1.9453313099755793,3.3246686900244202
55,Denver,76,2.6100000000000003,0.354429118442602,1.9153189278525005,3.3046810721475
56,Denver,77,2.475,0.36182696140558673,1.7658191556450502,3.18418084435495
57,Denver,78,2.25,0.3397793401606401,1.5840324932851453,2.9159675067148547
58,Denver,79,2.275,0.34211657369966747,1.6044515155486518,2.945548484451348
59,Denver,80,2.1574999999999998,0.34623465669975906,1.478880072868472,2.8361199271315276
60,Denver,81,2.075,0.3612910876287983,1.3668694682475555,2.7831305317524446
61,Denver,82,1.8925,0.3652785751998055,1.1765539926083814,2.6084460073916187
62,Denver,83,1.7600000000000002,0.3742592684223064,1.0264518338922797,2.493548166107721
63,Denver,84,1.7599999999999998,0.3742592684223064,1.0264518338922792,2.49354816610772
64,Denver,85,1.5174999999999998,0.2781248595505263,0.9723752752809683,2.0626247247190315
65,Denver,86,1.55,0.2769025099200078,1.0072710805567846,2.0927289194432155
66,Denver,87,1.35,0.22951034835057002,0.9001597172328828,1.7998402827671174
67,Denver,88,1.375,0.22780199735735415,0.9285080851795859,1.821491914820414
68,Denver,89,1.2825,0.20091276091876295,0.8887109885992246,1.6762890114007754
69,Denver,90,1.19,0.19295724915120446,0.8118037916636391,1.5681962083363608
70,Denver,91,1.5575,0.4874073629932154,0.602181568533298,2.512818431466702
71,Denver,92,1.75,0.5239751902523629,0.7230086271053686,2.7769913728946314
72,Denver,93,1.75,0.5239751902523629,0.7230086271053686,2.7769913728946314
73,Denver,94,1.7425000000000002,0.5247055722021637,0.7140770784837593,2.7709229215162408
74,Denver,95,1.81,0.521794978894968,0.7872818413658629,2.8327181586341372
75,Denver,96,1.8175000000000001,0.5217311927611766,0.7949068621880939,2.8400931378119063
76,Denver,97,1.8850000000000002,0.5192915847575426,0.8671884938752168,2.9028115061247837
77,Denver,98,1.8950000000000002,0.5183374865857185,0.8790585262919919,2.9109414737080086
78,Denver,99,1.7875,0.5159078769509146,0.7763205611762076,2.7986794388237923
79,Denver,100,1.8375,0.5134183844585233,0.8311999664612943,2.8438000335387055
80,Denver,101,1.92,0.5048811741390244,0.930432898687512,2.9095671013124877
81,Denver,102,2.035,0.49536728797933355,1.0640801155605064,3.0059198844394937
82,Denver,103,2.035,0.49536728797933355,1.0640801155605064,3.0059198844394937
83,Denver,104,1.985,0.4996886530630848,1.0056102399963538,2.9643897600036464
84,Denver,105,1.9449999999999998,0.5019449671029683,0.9611878644781819,2.9288121355218175
85,Denver,106,1.9949999999999999,0.5028406805341031,1.0094322661531576,2.980567733846842
86,Denver,107,2.12,0.5008792269599528,1.1382767151584927,3.1017232848415075
87,Denver,108,2.1375,0.49973586773414624,1.1580176992410736,3.116982300758927
88,Denver,109,2.1049999999999995,0.5023183751367254,1.120455984732018,3.089544015267981
89,Denver,110,2.2875,0.5073568147763465,1.293080643038361,3.281919356961639
90,Denver,111,1.9375,0.29385104645040827,1.3615519489571999,2.5134480510428
91,Denver,112,1.7525,0.23012157113143478,1.3014617205823877,2.203538279417612
92,Denver,113,1.8024999999999998,0.22708685012567326,1.3574097737536803,2.247590226246319
93,Denver,114,1.8199999999999998,0.22325433926354038,1.3824214950434608,2.257578504956539
94,Denver,115,1.77,0.22653366195777616,1.3259940225627587,2.214005977437241
95,Denver,116,2.145,0.43131919734693003,1.2996143732000172,2.990385626799983
96,Denver,117,2.12,0.43199247678634406,1.2732947454987658,2.9667052545012345
97,Denver,118,2.12,0.43199247678634406,1.2732947454987658,2.9667052545012345
98,Denver,119,2.11,0.43339646975950324,1.2605429192713735,2.959457080728626
99,Denver,120,2.0525,0.4390397903379601,1.1919820109375985,2.9130179890624017
100,Denver,121,2.0200000000000005,0.44166446540331955,1.154337647809494,2.885662352190507
101,Denver,122,1.9875,0.44177023156840256,1.1216303461259312,2.853369653874069
102,Denver,123,2.0774999999999997,0.43007957112608824,1.2345440405928667,2.920455959407133
103,Denver,124,2.1350000000000002,0.4241476747549136,1.3036705574803695,2.9663294425196307
104,Denver,125,2.2175000000000002,0.4207177646593973,1.3928931812675815,3.042106818732419
105,Denver,126,2.375,0.45539131524437304,1.482433022121029,3.267566977878971
106,Denver,127,2.3,0.4548763568267755,1.4084423406195197,3.19155765938048
107,Denver,128,2.3325,0.45365563757105454,1.4433349503607331,3.2216650496392667
108,Denver,129,2.3725,0.4494368003401591,1.4916038713332882,3.253396128666712
109,Denver,130,2.2475,0.43902555449540753,1.3870099131890012,3.107990086810999
110,Denver,131,2.1225,0.43809923248049637,1.2638255043382272,2.981174495661773
111,Denver,132,2.0325,0.45003159611298404,1.1504380716185514,2.914561928381449
112,Denver,133,1.9325000000000003,0.4608182260935432,1.0292962768566556,2.835703723143345
113,Denver,134,1.9650000000000003,0.45861339928091943,1.0661177374093982,2.8638822625906024
114,Denver,135,2.08,0.46020919156401047,1.1779899845345396,2.9820100154654607
115,Denver,136,1.7049999999999996,0.27319635795522607,1.1695351384077566,2.2404648615922427
116,Denver,137,2.0475000000000003,0.4291776293098232,1.206311846552747,2.8886881534472537
117,Denver,138,2.1225,0.4262404691016562,1.287068680560754,2.957931319439246
118,Denver,139,2.2575000000000003,0.4256065524636574,1.4233111571712318,3.091688842828769
119,Denver,140,2.275,0.42263311512469054,1.4466390943556064,3.1033609056443936
120,Denver,141,2.275,0.42263311512469054,1.4466390943556064,3.1033609056443936
121,Denver,142,2.2824999999999998,0.4221414899059319,1.4551026797843734,3.109897320215626
122,Denver,143,2.275,0.42263311512469054,1.4466390943556064,3.1033609056443936
123,Denver,144,2.235,0.4266599934373974,1.398746412862701,3.071253587137299
124,Denver,145,2.26,0.42856738093326696,1.4200079333707967,3.099992066629203
125,Denver,146,2.0524999999999998,0.3887395496987668,1.2905704825904167,2.814429517409583
126,Denver,147,2.1025,0.38920552090123284,1.3396571790335838,2.8653428209664162
127,Denver,148,2.0375,0.3926970046995521,1.267813870788878,2.8071861292111224
128,Denver,149,2.0375,0.3926970046995521,1.267813870788878,2.8071861292111224
129,Denver,150,2.1375,0.40166645055319217,1.3502337569157437,2.9247662430842567
130,Denver,151,2.2125,0.39767881198273564,1.433049528513838,2.9919504714861618
131,Denver,152,2.345,0.3814593687406301,1.5973396372683653,3.0926603627316354
132,Denver,153,2.3775000000000004,0.3726840988021893,1.6470391663477093,3.1079608336522915
133,Denver,154,2.4699999999999998,0.37455640429713655,1.735869447577612,3.2041305524223875
134,Denver,155,2.395,0.3733781595112387,1.6631788073579723,3.1268211926420277
135,Denver,156,2.43,0.3721458047593712,1.7005942226716326,3.1594057773283675
136,Denver,157,2.045,0.21356790489209748,1.6264069064114888,2.463593093588511
137,Denver,158,1.985,0.21517725251522288,1.5632525850701633,2.406747414929837
138,Denver,159,1.8425,0.20976996329312733,1.4313508719454704,2.2536491280545294
139,Denver,160,1.8325,0.21199277699959496,1.416994157080794,2.248005842919206
140,Denver,161,1.8225000000000002,0.2141691796220922,1.4027284079406996,2.242271592059301
141,Denver,162,1.7724999999999997,0.21989983515228015,1.3414963231015307,2.203503676898469
142,Denver,163,1.7975,0.22055257309766305,1.3652169567285806,2.2297830432714196
143,Denver,164,1.8725,0.21910257301090735,1.4430589568986216,2.3019410431013787
144,Denver,165,1.8400000000000003,0.2117958923114421,1.4248800510695738,2.2551199489304268
145,Denver,166,1.8325000000000002,0.2122579503811341,1.4164744172529775,2.248525582747023
146,Denver,167,1.7899999999999998,0.20807450588671356,1.3821739684620413,2.1978260315379585
147,Denver,168,1.8299999999999996,0.2040955658509023,1.4299726909322312,2.230027309067768
148,Denver,169,1.8225000000000002,0.20428151531648672,1.4221082299796863,2.2228917700203144
149,Denver,170,1.6650000000000003,0.1848005681809447,1.3027908863653486,2.027209113634652
150,Denver,171,1.815,0.2608663450888213,1.3037019636259104,2.3262980363740895
151,Denver,172,2.0975,0.40921380414155145,1.2954409438825594,2.899559056117441
152,Denver,173,2.14,0.40375735287422326,1.3486355883665224,2.931364411633478
153,Denver,174,2.1550000000000002,0.40653874354112923,1.358184062659387,2.9518159373406134
154,Denver,175,2.1799999999999997,0.4061773011875479,1.3838924896724059,2.9761075103275934
155,Denver,176,2.0949999999999998,0.41124658053289637,1.2889567021555228,2.9010432978444767
156,Denver,177,2.17,0.4059002340477275,1.374435541266454,2.965564458733546
157,Denver,178,2.255,0.40524529608621,1.4607192196710281,3.0492807803289717
158,Denver,179,2.2625,0.40382352271753563,1.4710058954736303,3.05399410452637
159,Denver,180,2.305,0.3982131966673129,1.5245021345320668,3.0854978654679335
160,Denver,181,2.3475,0.3922925407141971,1.5786066202001738,3.1163933797998267
161,Denver,182,2.3474999999999997,0.3922925407141971,1.5786066202001734,3.116393379799826
162,Denver,183,2.2399999999999998,0.4086502171784569,1.4390455743302244,3.040954425669775
163,Denver,184,2.305,0.4155703911493214,1.4904820333473303,3.11951796665267
164,Denver,185,2.295,0.41545005716692346,1.48071788795283,3.10928211204717
165,Denver,186,2.2600000000000002,0.4201725835891723,1.4364617361652225,3.083538263834778
166,Denver,187,2.2025,0.42700226872933594,1.3655755532905016,3.0394244467094986
167,Denver,188,2.195,0.4274181208137998,1.3572604832049522,3.0327395167950475
168,Denver,189,2.1875,0.427958453006831,1.3487014321066113,3.026298567893389
169,Denver,190,2.23,0.42229136860703176,1.4023089175302177,3.0576910824697823
170,Denver,191,2.0875,0.388617340709341,1.3258100122096916,2.849189987790308
171,Denver,192,2.0725,0.3767206358828781,1.3341275536695587,2.810872446330441
172,Denver,193,2.155,0.37902671409809624,1.412107640367731,2.8978923596322685
173,Denver,194,1.9649999999999999,0.3830159918332392,1.2142886560068509,2.715711343993149
174,Denver,195,1.925,0.3832508969330665,1.1738282420111896,2.6761717579888105
175,Denver,196,2.2175000000000002,0.4418749115982939,1.3514251732673443,3.083574826732656
176,Denver,197,2.2425,0.44277921981502244,1.3746527291625563,3.110347270837444
177,Denver,198,2.175,0.44189223799474003,1.3088912135303095,3.04110878646969
178,Denver,199,2.25,0.4362338822237447,1.3949815908414602,3.1050184091585398
179,Denver,200,2.575,0.5207146531450791,1.5543992798356452,3.595600720164355
180,Denver,201,2.6175,0.5185831056831681,1.6010771128609906,3.6339228871390095
181,Denver,202,2.7025,0.5102386083980709,1.7024323275397812,3.7025676724602192
182,Denver,203,3.035,0.5248940369255494,2.006207687625923,4.063792312374077
183,Denver,204,3.185,0.5553050963209323,2.096602011210973,4.273397988789027
184,Denver,205,3.2275,0.5534604208974657,2.142717575040967,4.312282424959033
185,Denver,206,3.2375,0.5513491974239193,2.1568555730491177,4.318144426950882
186,Denver,207,3.3125,0.538445389524323,2.257147036532327,4.367852963467673
187,Denver,208,3.2700000000000005,0.5465391111347843,2.1987833421758234,4.3412166578241775
188,Denver,209,3.31,0.5414286656615072,2.248799815303446,4.371200184696554
189,Denver,210,3.3425,0.5369040300649642,2.2901681010726698,4.39483189892733
190,Denver,211,3.2099999999999995,0.560464093408311,2.11149037691971,4.308509623080289
191,Denver,212,2.85,0.5145872132107442,1.8414090621069414,3.8585909378930587
192,Denver,213,2.7425,0.5220665067785905,1.7192496467139629,3.7657503532860375
193,Denver,214,2.7825,0.512936094947509,1.7771452539028825,3.7878547460971177
194,Denver,215,3.2075000000000005,0.6165962516104034,1.9989713468436097,4.416028653156391
195,Denver,216,3.525,0.7650204245639458,2.025559967854666,5.024440032145334
196,Denver,217,3.56,0.764122045225761,2.0623207913575086,5.057679208642492
197,Denver,218,3.6099999999999994,0.7594126019496911,2.121551300178605,5.098448699821394
198,Denver,219,3.5774999999999997,0.7628685584686264,2.082277625401492,5.0727223745985075
199,Denver,220,3.2950000000000004,0.7270565658874143,1.8699691308606683,4.7200308691393325
200,Denver,221,3.2600000000000002,0.7297653732536231,1.8296598684228988,4.690340131577102
201,Denver,222,3.3175,0.7289227925507612,1.888811326600508,4.746188673399492
202,Denver,223,3.06,0.713097118210416,1.6623296483075847,4.457670351692416
203,Denver,224,2.8449999999999998,0.6870307489479638,1.4984197320619908,4.191580267938009
204,Denver,225,2.7375,0.6926116787204789,1.3799811097078611,4.095018890292138
205,Denver,226,3.3525,0.8556684156260532,1.6753899053729358,5.029610094627064
206,Denver,227,3.3775000000000004,0.8542575358169221,1.703155229798833,5.051844770201168
207,Denver,228,3.4199999999999995,0.8488330224490563,1.7562872759998491,5.08371272400015
208,Denver,229,3.3950000000000005,0.8508297420753461,1.7273737055323222,5.0626262944676785
209,Denver,230,3.4525000000000006,0.8484653425449975,1.7895079286118054,5.1154920713881955
210,Denver,231,3.6175000000000006,0.8299342970982703,1.990828777687391,5.244171222312611
211,Denver,232,3.7424999999999997,0.8175670844034757,2.1400685145691876,5.344931485430812
212,Denver,233,3.925,0.8062296509059934,2.3447898842242525,5.505210115775747
213,Denver,234,3.9675,0.7990249917868651,2.401411016097744,5.533588983902256
214,Denver,235,3.6324999999999994,0.7368622242319116,2.1882500405054524,5.076749959494546
215,Denver,236,3.0974999999999997,0.5601057377852863,1.9996927539408387,4.19530724605916
216,Denver,237,3.0475,0.5604292439728676,1.9490586818131794,4.1459413181868205
217,Denver,238,2.965,0.5690573345454744,1.8496476242908702,4.080352375709129
218,Denver,239,3.09,0.5676552651037423,1.977395680396665,4.202604319603335
219,Denver,240,3.065,0.5694745385001861,1.9488299045396351,4.181170095460365
220,Denver,241,3.1,0.5666017119635274,1.9894606445514864,4.210539355448514
221,Denver,242,3.0324999999999998,0.5671449880762415,1.9208958233705664,4.144104176629433
222,Denver,243,3.2475,0.5767308189268197,2.1171075949034335,4.377892405096567
223,Denver,244,3.2125,0.5799986530156773,2.0757026400892724,4.349297359910727
224,Denver,245,3.2875,0.570217885987453,2.1698729434645925,4.405127056535408
225,Denver,246,2.805,0.2514184758525117,2.3122197873290773,3.297780212670923
226,Denver,247,2.805,0.2514184758525117,2.3122197873290773,3.297780212670923
227,Denver,248,2.7725,0.2607075708528619,2.2615131611283905,3.2834868388716094
228,Denver,249,2.7325,0.2708845464399917,2.201566288977616,3.2634337110223837
229,Denver,250,2.75,0.27324439609990175,2.2144409836441925,3.2855590163558075
230,Denver,251,2.7424999999999997,0.27258656881805454,2.2082303251166127,3.2767696748833868
231,Denver,252,2.7775,0.2782416890043618,2.2321462895514506,3.322853710448549
232,Denver,253,2.6350000000000002,0.26462473429367855,2.11633552078439,3.1536644792156103
233,Denver,254,2.6025,0.27245355108715325,2.06849103986918,3.1365089601308203
234,Denver,255,2.4699999999999998,0.28577526135059345,1.9098804877528366,3.030119512247163
235,Denver,256,2.5300000000000002,0.28994396010263773,1.9617098381988303,3.0982901618011702
236,Denver,257,2.495,0.2921236895563247,1.9224375684696038,3.0675624315303964
237,Denver,258,2.57,0.28189980489528543,2.01747638240524,3.1225236175947595
238,Denver,259,2.4450000000000003,0.2730590595457327,1.9098042432903641,2.9801957567096364
239,Denver,260,2.5100000000000002,0.27510452558982007,1.9707951298439528,3.0492048701560477
240,Denver,261,2.5100000000000002,0.27510452558982007,1.9707951298439528,3.0492048701560477
241,Denver,262,2.52,0.2748954346656197,1.9812049480553853,3.0587950519446148
242,Denver,263,2.4125,0.22646398720326372,1.9686305850816033,2.856369414918397
243,Denver,264,2.4475,0.22428985153145023,2.007891890998357,2.8871081090016424
244,Denver,265,2.4799999999999995,0.2268920448142684,2.0352915921640333,2.9247084078359658
245,Denver,266,2.4299999999999997,0.21910043359153808,2.000563150160585,2.8594368498394145
246,Denver,267,2.4375,0.21959835495740856,2.007087224283479,2.867912775716521
247,Denver,268,2.4775,0.209746126305112,2.0663975924419806,2.8886024075580194
248,Denver,269,2.5774999999999997,0.19677001168877334,2.191830777090004,2.9631692229099955
249,Denver,270,2.81,0.33912755712268505,2.1453099880395374,3.4746900119604627
250,Denver,271,2.8025,0.3388302487972406,2.1383927123574087,3.4666072876425917
251,Denver,272,2.6925,0.3363457112852786,2.033262405880854,3.351737594119146
252,Denver,273,2.7024999999999997,0.33515807837496625,2.045590166385066,3.3594098336149334
253,Denver,274,2.7924999999999995,0.3235791054749982,2.1582849532690034,3.4267150467309957
254,Denver,275,2.8,0.3211697370550345,2.170507315372132,3.4294926846278675
255,Denver,276,2.675,0.33052042296959505,2.0271799709795935,3.322820029020406
256,Denver,277,2.675,0.33052042296959505,2.0271799709795935,3.322820029020406
257,Denver,278,2.6,0.34044089061098404,1.9327358544024715,3.2672641455975286
258,Denver,279,2.6,0.34044089061098404,1.9327358544024715,3.2672641455975286
259,Denver,280,2.475,0.34927603696789733,1.7904189675429212,3.159581032457079
260,Denver,281,2.4,0.3565809865935087,1.7011012662767229,3.098898733723277
261,Denver,282,2.325,0.36296521871936993,1.613588171310035,3.0364118286899653
262,Denver,283,2.1425,0.37309976882866064,1.4112244530958251,2.873775546904175
263,Denver,284,2.0575,0.37819100663553595,1.3162456269943497,2.7987543730056506
264,Denver,285,1.975,0.37480828432680097,1.2403757627194703,2.70962423728053
265,Denver,286,1.8924999999999996,0.37600324134241186,1.1555336469688724,2.629466353031127
266,Denver,287,1.7850000000000001,0.3776258068511738,1.0448534185716993,2.525146581428301
267,Denver,288,1.9100000000000001,0.3970295958741615,1.1318219920866437,2.688178007913357
268,Denver,289,1.8,0.39640572649748645,1.0230447760649266,2.5769552239350735
269,Denver,290,1.5675,0.23951187340088173,1.0980567281342717,2.036943271865728
270,Denver,291,1.5575,0.23670326888321586,1.093561592988897,2.0214384070111033
271,Denver,292,1.5175,0.2378622237767065,1.0512900413976554,1.9837099586023448
272,Denver,293,1.4675,0.23778338356579917,1.0014445682110336,1.9335554317889665
273,Denver,294,1.4175,0.2285901080536951,0.9694633882147576,1.8655366117852423
274,Denver,295,1.4275,0.22744436132821577,0.9817090517966971,1.8732909482033029
275,Denver,296,1.46,0.22659435120938032,1.0158750716296145,1.9041249283703854
276,Denver,297,1.4949999999999999,0.2317299074353589,1.0408093814266963,1.9491906185733034
277,Denver,298,1.5274999999999999,0.23042013258393887,1.0758765401354797,1.97912345986452
278,Denver,299,1.5275,0.23042013258393887,1.07587654013548,1.9791234598645202
279,Denver,300,1.52,0.23171642151561028,1.065835813829404,1.974164186170596
280,Denver,301,1.56,0.2305048806424714,1.1082104339407561,2.011789566059244
281,Denver,302,1.56,0.23050488064247143,1.1082104339407561,2.011789566059244
282,Denver,303,1.61,0.218420466074038,1.1818958864948856,2.0381041135051143
283,Denver,304,1.9774999999999998,0.3824178833422935,1.2279609486491045,2.727039051350895
284,Denver,305,2.2275,0.44009196482099056,1.3649197489508587,3.0900802510491414
285,Denver,306,2.26,0.43668638632318274,1.4040946828065617,3.115905317193438
286,Denver,307,2.2775,0.433783860349829,1.4272836337143349,3.127716366285665
287,Denver,308,2.2625,0.4305211231751585,1.4186785985766894,3.106321401423311
288,Denver,309,2.2975000000000003,0.4259030846331122,1.4627299541191003,3.1322700458809
289,Denver,310,2.2399999999999998,0.420425379823816,1.4159662555453205,3.064033744454679
290,Denver,311,2.2325000000000004,0.4199892111709538,1.409321146104931,3.0556788538950697
291,Denver,312,2.2725,0.4159097708638257,1.4573168491069017,3.087683150893098
292,Denver,313,2.355,0.4110337577377313,1.5493738348340464,3.1606261651659535
293,Denver,314,2.505,0.42661311512891853,1.6688382943473195,3.3411617056526803
294,Denver,315,2.4875,0.4300272520434025,1.644646585994931,3.3303534140050686
295,Denver,316,2.4699999999999998,0.4320648099533217,1.6231529724914893,3.3168470275085102
296,Denver,317,2.4775,0.43215267845982397,1.630480750218745,3.324519249781255
297,Denver,318,2.8600000000000003,0.5423052645881284,1.7970816814072685,3.922918318592732
298,Denver,319,2.9675000000000002,0.5404312514094647,1.9082547472374496,4.0267452527625505
299,Denver,320,3.375,0.5961386164307761,2.206568311795679,4.543431688204321
300,Denver,321,3.335,0.6026618039995566,2.1537828641608687,4.516217135839131
301,Denver,322,3.3675000000000006,0.5971732893390327,2.1970403528954963,4.537959647104505
302,Denver,323,3.5825000000000005,0.5912938672944276,2.4235640201029227,4.741435979897078
303,Denver,324,3.54,0.5761358346778996,2.4107737640313167,4.669226235968683
304,Denver,325,3.465,0.5613165328047981,2.3648195957025955,4.565180404297404
305,Denver,326,3.4824999999999995,0.5587404920891272,2.38736863550531,4.577631364494689
306,Denver,327,3.5824999999999996,0.5448540515587638,2.514586058944823,4.650413941055176
307,Denver,328,3.4975,0.5478877051914927,2.4236400978246744,4.571359902175326
308,Denver,329,3.5475000000000003,0.540895958110245,2.48734392210392,4.607656077896081
309,Denver,330,3.5475000000000003,0.540895958110245,2.48734392210392,4.607656077896081
310,Denver,331,3.5050000000000003,0.5459842030681841,2.4348709619863595,4.575129038013641
311,Denver,332,3.5974999999999993,0.5389396417967415,2.541178302078386,4.653821697921613
312,Denver,333,3.5975,0.5389396417967415,2.5411783020783867,4.653821697921614
313,Denver,334,3.4075,0.5494574028075334,2.3305634904972345,4.484436509502766
314,Denver,335,3.5575,0.5309575665719437,2.5168231695189904,4.59817683048101
315,Denver,336,3.9,0.562172126665846,2.7981426317349416,5.001857368265059
316,Denver,337,3.9574999999999996,0.5585614894530413,2.8627194806720384,5.052280519327961
317,Denver,338,3.9675,0.5634078784504172,2.863220558237182,5.071779441762818
318,Denver,339,3.91,0.567038358490852,2.79860481735793,5.02139518264207
319,Denver,340,3.6950000000000003,0.5102070658075994,2.6949941510171054,4.695005848982895
320,Denver,341,3.7600000000000002,0.496797242343393,2.78627740500695,4.733722594993051
321,Denver,342,4.0600000000000005,0.5186593294253946,3.043427714326227,5.076572285673774
322,Denver,343,4.1850000000000005,0.5471300119715606,3.112625176535742,5.257374823464259
323,Denver,344,4.0525,0.5241716679676612,3.025123530783384,5.079876469216616
324,Denver,345,4.235,0.5689365078811519,3.119884444552943,5.350115555447058
325,Denver,347,4.485,0.5720041520828324,3.363871861917649,5.606128138082352
326,Denver,348,4.4675,0.574524531678152,3.341431917910822,5.593568082089178
327,Denver,349,4.4350000000000005,0.5814862423136079,3.295286965065329,5.574713034934672
328,Denver,350,4.5,0.5740753434872464,3.3748123267649968,5.625187673235003
329,Denver,351,4.665,0.567825897612992,3.552061240678536,5.777938759321464
330,Denver,353,4.715,0.5572039572723798,3.6228802437461356,5.807119756253864
331,Denver,354,5.040000000000001,0.6133575629272048,3.8378191766626797,6.242180823337322
332,Denver,355,4.9975000000000005,0.6229614253707849,3.776495606273262,6.2185043937267395
333,Denver,356,5.0475,0.6086611844860818,3.8545240784072803,6.24047592159272
334,Denver,357,4.9399999999999995,0.6296586376760029,3.7058690701550336,6.174130929844965
335,Denver,358,4.7075000000000005,0.6108935566037671,3.510148629056617,5.904851370943383
336,Denver,359,4.65,0.617697336889192,3.4393132196971843,5.860686780302816
337,Denver,360,4.175,0.6045814668016213,2.990020325068822,5.359979674931178
338,Denver,361,4.125,0.6127958469180417,2.9239201400406385,5.3260798599593615
339,Denver,362,4.0649999999999995,0.6137497454174625,2.862050498981773,5.267949501018226
340,Denver,363,4.040000000000001,0.6178146971382276,2.8290831936090752,5.250916806390927
341,Denver,364,3.7475,0.5978134637995368,2.5757856109529076,4.9192143890470925
342,Denver,365,3.5325,0.5605050735720418,2.4339100557987985,4.631089944201202
343,Long Beach,1,3.5724999999999993,0.5658232387415703,2.4634864520665216,4.681513547933477
344,Long Beach,2,3.375,0.5068838624379355,2.3815076296216464,4.368492370378354
345,Long Beach,3,3.2424999999999997,0.4749509843131184,2.3115960707462877,4.173403929253712
346,Long Beach,4,3.195,0.4801419061069342,2.253921864030409,4.136078135969591
347,Long Beach,5,3.3075,0.4745297013886485,2.377421785278249,4.237578214721751
348,Long Beach,6,3.2625,0.4742214013517314,2.333026053350607,4.1919739466493935
349,Long Beach,7,3.13,0.456007127137285,2.236226030810921,4.023773969189079
350,Long Beach,8,3.1275000000000004,0.45610408625663496,2.233535990936996,4.0214640090630045
351,Long Beach,9,2.7025,0.28490075026226236,2.144094529485966,3.260905470514034
352,Long Beach,10,2.7649999999999997,0.2814937832350831,2.2132721848592367,3.3167278151407626
353,Long Beach,11,2.9724999999999997,0.3229062363906897,2.339603776674248,3.6053962233257515
354,Long Beach,12,3.0125,0.31606714081030307,2.3930084040118063,3.631991595988194
355,Long Beach,13,2.98,0.31514679119419886,2.3623122892593704,3.5976877107406295
356,Long Beach,14,3.09,0.3273873852181846,2.448320724972358,3.7316792750276417
357,Long Beach,15,3.31,0.2918604118410032,2.7379535927916336,3.8820464072083665
358,Long Beach,16,3.5025,0.29737339743157926,2.919648141034105,4.085351858965895
359,Long Beach,17,3.5475000000000003,0.29907095729943417,2.9613209236931093,4.133679076306891
360,Long Beach,18,3.7575000000000003,0.3076376724330101,3.1545301620313007,4.3604698379687
361,Long Beach,19,3.9925000000000006,0.3179676673814493,3.36928337193236,4.615716628067641
362,Long Beach,20,4.0925,0.32508220114303393,3.455338885759654,4.729661114240347
363,Long Beach,21,4.11,0.32915801676398526,3.464850287142589,4.755149712857412
364,Long Beach,22,3.9625,0.34685867078682064,3.2826570052578314,4.642342994742169
365,Long Beach,23,3.81,0.369452297326732,3.0858734972396054,4.534126502760395
366,Long Beach,24,4.015,0.3649160862444954,3.2997644709607887,4.730235529039211
367,Long Beach,25,4.005,0.3652037102768809,3.289200727857313,4.720799272142687
368,Long Beach,26,4.1325,0.3670537256315483,3.4130746977621658,4.851925302237835
369,Long Beach,27,4.119999999999999,0.36892411143756915,3.3969087415823638,4.843091258417635
370,Long Beach,28,4.1674999999999995,0.3629613443605255,3.4560957650533695,4.87890423494663
371,Long Beach,29,4.3125,0.33942736704632404,3.647222360589205,4.977777639410795
372,Long Beach,30,4.209999999999999,0.3716618086379067,3.481542855069702,4.938457144930296
373,Long Beach,31,3.9524999999999997,0.38880385479056145,3.1904444446104994,4.7145555553895
374,Long Beach,32,3.9200000000000004,0.396916238015025,3.142044173490551,4.69795582650945
375,Long Beach,33,3.8475,0.4126662543751306,3.0386741414247442,4.656325858575256
376,Long Beach,34,3.6625,0.4292562608745503,2.8211577286858813,4.503842271314118
377,Long Beach,35,3.53,0.4372270577171545,2.673034966874377,4.386965033125622
378,Long Beach,36,3.3449999999999998,0.43270804244894734,2.496892236800063,4.1931077631999365
379,Long Beach,37,3.185,0.4448328337701703,2.313127645810466,4.056872354189534
380,Long Beach,38,2.95,0.4291707119550447,2.1088254045681127,3.7911745954318876
381,Long Beach,39,2.6875,0.39555143470855975,1.912219187971223,3.462780812028777
382,Long Beach,40,2.4699999999999998,0.374472962975967,1.7360329925671043,3.203967007432895
383,Long Beach,41,2.26,0.3349552208878076,1.6034877670598968,2.9165122329401028
384,Long Beach,42,2.3675,0.34306112793494975,1.6951001892474986,3.0398998107525017
385,Long Beach,43,2.5949999999999998,0.3775893933891682,1.8549247889572302,3.3350752110427693
386,Long Beach,44,2.5225,0.3526059238016287,1.8313923893488078,3.2136076106511924
387,Long Beach,45,2.5349999999999997,0.3548961115594252,1.8394036213435263,3.230596378656473
388,Long Beach,46,2.6550000000000002,0.41786510981416,1.8359843847642467,3.4740156152357535
389,Long Beach,47,2.5774999999999997,0.42239606709816785,1.7496037084875908,3.4053962915124085
390,Long Beach,48,2.4975,0.4189492063484545,1.6763595555570292,3.3186404444429707
391,Long Beach,49,2.4125,0.4061230570898431,1.6164988081039078,3.2085011918960924
392,Long Beach,50,2.4549999999999996,0.4008101171377788,1.6694121704099532,3.240587829590046
393,Long Beach,51,2.54,0.39388450083749166,1.7679863783585164,3.3120136216414835
394,Long Beach,52,2.6399999999999997,0.39464541046362106,1.8664949954913024,3.413505004508697
395,Long Beach,53,2.645,0.39388926108742794,1.8729770482686412,3.417022951731359
396,Long Beach,54,2.73,0.38640005175983083,1.9726558985507316,3.4873441014492683
397,Long Beach,55,2.88,0.39494303386691093,2.1059116536208546,3.654088346379145
398,Long Beach,56,2.9625,0.39183662092765137,2.1945002229818034,3.7304997770181965
399,Long Beach,57,2.9675,0.3906128998125894,2.2018987163673245,3.733101283632675
400,Long Beach,58,2.9675000000000002,0.3906128998125894,2.201898716367325,3.7331012836326756
401,Long Beach,59,3.0300000000000002,0.38151670998791126,2.2822272484236943,3.777772751576306
402,Long Beach,60,3.0425,0.3786204398867023,2.3004039378220638,3.784596062177936
403,Long Beach,61,3.035,0.3801167583782646,2.289971153578602,3.7800288464213985
404,Long Beach,62,2.9175,0.38398038686891284,2.1648984417369306,3.6701015582630694
405,Long Beach,63,2.8274999999999997,0.3588083576228402,2.124235619059233,3.5307643809407665
406,Long Beach,64,2.7975000000000003,0.3535971401185253,2.104449605367691,3.4905503946323098
407,Long Beach,65,2.71,0.3495997711669731,2.0247844485127326,3.3952155514872673
408,Long Beach,66,2.46,0.23042352310473857,2.008369894714712,2.9116301052852878
409,Long Beach,67,2.505,0.22365989805953146,2.0666265998033184,2.9433734001966814
410,Long Beach,68,2.5774999999999997,0.22821248322561144,2.1302035328778013,3.024796467122198
411,Long Beach,69,2.8375,0.3512633449422242,2.1490238439132403,3.5259761560867595
412,Long Beach,70,2.8750000000000004,0.34787749280457914,2.1931601141030255,3.5568398858969754
413,Long Beach,71,2.7925,0.3590660628630893,2.088730516788345,3.496269483211655
414,Long Beach,72,2.7025,0.35903473021422316,1.9987919287801228,3.4062080712198775
415,Long Beach,73,2.7525000000000004,0.3539328149522166,2.0587916826936556,3.446208317306345
416,Long Beach,74,2.775,0.35492076580555265,2.079355299021117,3.470644700978883
417,Long Beach,75,2.8850000000000002,0.3989846488274956,2.102990088298109,3.6670099117018915
418,Long Beach,76,2.815,0.39986091331861884,2.031272609895507,3.598727390104493
419,Long Beach,77,2.9050000000000002,0.3900624949927896,2.140477509814133,3.6695224901858676
420,Long Beach,78,3.1,0.39620070671315066,2.323446614842225,3.8765533851577754
421,Long Beach,79,3.0275,0.407821575569513,2.2281697118837545,3.8268302881162453
422,Long Beach,80,3.075,0.4009130204919766,2.289210479835726,3.8607895201642743
423,Long Beach,81,3.0825,0.39945705338621823,2.2995641753630123,3.8654358246369878
424,Long Beach,82,3.0975,0.3968386794403993,2.3196961882968177,3.8753038117031826
425,Long Beach,83,2.9825000000000004,0.3988620532214114,2.200730375686034,3.764269624313967
426,Long Beach,84,2.8625000000000003,0.40442667753252876,2.0698237120362437,3.655176287963757
427,Long Beach,85,2.81,0.4118950108947667,2.0026857786462573,3.617314221353743
428,Long Beach,86,2.75,0.41573729685944705,1.9351548981554838,3.564845101844516
429,Long Beach,87,2.77,0.41499096375704375,1.9566177110361944,3.5833822889638056
430,Long Beach,88,2.93,0.45718431731633136,2.033918738059991,3.8260812619400095
431,Long Beach,89,2.62,0.37628778880000874,1.882475933951983,3.3575240660480175
432,Long Beach,90,2.5725,0.3792504943965136,1.829169030982833,3.3158309690171666
433,Long Beach,91,2.58,0.3778127843257822,1.839486942721467,3.320513057278533
434,Long Beach,92,2.54,0.3836437149231042,1.788058318750716,3.291941681249284
435,Long Beach,93,2.5875,0.3861812236502443,1.830584801645521,3.3444151983544788
436,Long Beach,94,2.515,0.3859582231278406,1.7585218826694327,3.2714781173305676
437,Long Beach,95,2.2525,0.3130590000303457,1.6389043599405224,2.8660956400594775
438,Long Beach,96,2.315,0.3169404518202118,1.6937967144323849,2.936203285567615
439,Long Beach,97,2.5125,0.38608410676949656,1.755775150731787,3.2692248492682134
440,Long Beach,98,2.7649999999999997,0.5267720095069593,1.7325268613663594,3.7974731386336398
441,Long Beach,99,3.3200000000000003,0.6891516523959005,1.9692627613040354,4.670737238695965
442,Long Beach,100,3.6025,0.7234247974046784,2.1845873970868306,5.0204126029131695
443,Long Beach,101,3.7725,0.7188573832826648,2.363539528765977,5.181460471234023
444,Long Beach,102,3.8475,0.7125173243507837,2.450966044272464,5.244033955727536
445,Long Beach,103,3.85,0.7121534244809891,2.4541792880172615,5.245820711982739
446,Long Beach,104,3.875,0.7081710598435946,2.4869847227065547,5.263015277293445
447,Long Beach,105,4.0225,0.6942484695697931,2.6617729996432056,5.383227000356794
448,Long Beach,106,4.05,0.6900543456859032,2.69749348245563,5.40250651754437
449,Long Beach,107,3.9675,0.702987153154309,2.589645179817554,5.345354820182445
450,Long Beach,108,3.7175,0.6957035557620789,2.353921030706325,5.081078969293674
451,Long Beach,120,3.725,0.6947346615795126,2.3633200633041556,5.086679936695845
452,Long Beach,121,3.7599999999999993,0.6903314421348632,2.4069503734156674,5.113049626584331
453,Long Beach,122,4.090000000000001,0.7039406935246747,2.7102762406916385,5.469723759308363
454,Long Beach,123,4.2225,0.6869722974763975,2.876034296946261,5.568965703053739
455,Long Beach,124,4.325000000000001,0.6884720401003951,2.9755948014032265,5.674405198596776
456,Long Beach,125,4.3025,0.6928516706337656,2.9445107255578193,5.660489274442181
457,Long Beach,126,4.34,0.6867459501154702,2.9939779377736784,5.686022062226321
458,Long Beach,127,4.265,0.6962497755834468,2.900350439856444,5.629649560143555
459,Long Beach,128,4.032500000000001,0.6899390824558354,2.6802193983865634,5.384780601613437
460,Long Beach,129,3.6400000000000006,0.6150873921647233,2.434428711357143,4.845571288642859
461,Long Beach,130,3.16,0.4344335392209031,2.30851026312703,4.01148973687297
462,Long Beach,131,3.0324999999999998,0.3774466021836731,2.2927046597200005,3.772295340279999
463,Long Beach,132,2.98,0.36708990724344354,2.260503781802851,3.699496218197149
464,Long Beach,133,2.925,0.36823056635754725,2.203268089939207,3.6467319100607924
465,Long Beach,134,2.9650000000000003,0.36416170858562275,2.25124305117218,3.6787569488278207
466,Long Beach,135,2.9775,0.3624478410750987,2.2671022314928067,3.6878977685071934
467,Long Beach,136,2.9425000000000003,0.35861321434102233,2.2396180998915964,3.6453819001084042
468,Long Beach,137,2.9275,0.36045934236748534,2.220999688959729,3.634000311040271
469,Long Beach,138,3.1025,0.3539681306276033,2.4087224639698976,3.7962775360301024
470,Long Beach,139,3.1100000000000003,0.35260813944093805,2.418888046695762,3.801111953304239
471,Long Beach,140,3.0825000000000005,0.35791540550806134,2.3809858052042,3.784014194795801
472,Long Beach,141,3.06,0.3608774030055082,2.352680290109204,3.767319709890796
473,Long Beach,142,2.755,0.27209603084205397,2.221691779549574,3.2883082204504257
474,Long Beach,143,2.6325,0.2769764204765452,2.0896262158659713,3.1753737841340284
475,Long Beach,144,2.435,0.23903713100687934,1.9664872232265165,2.9035127767734834
476,Long Beach,145,2.4475000000000002,0.23662932510574422,1.9837065227927415,2.9112934772072587
477,Long Beach,146,2.43,0.23723406163533933,1.965021239194735,2.894978760805265
478,Long Beach,147,2.48,0.23559499145779814,2.0182338167427156,2.9417661832572843
479,Long Beach,148,2.5349999999999997,0.2384087875897195,2.0677187763241496,3.00228122367585
480,Long Beach,149,2.4899999999999998,0.2436595986206987,2.0124271867034302,2.9675728132965693
481,Long Beach,150,2.4699999999999998,0.24419254697881343,1.9913826079215253,2.948617392078474
482,Long Beach,151,2.3375,0.1918943394162527,1.9613870947441447,2.713612905255855
483,Long Beach,152,2.245,0.17330969390083173,1.9053129999543699,2.5846870000456303
484,Long Beach,153,2.2725,0.17540934268162572,1.9286976883440135,2.6163023116559865
485,Long Beach,154,2.34,0.19315149494632444,1.961423069905204,2.718576930094796
486,Long Beach,155,2.41,0.20070500741137476,2.0166181854737055,2.8033818145262948
487,Long Beach,156,2.2924999999999995,0.2043671634583208,1.8919403596216908,2.6930596403783085
488,Long Beach,171,2.34,0.20504877468543917,1.9381044016165392,2.7418955983834605
489,Long Beach,172,2.175,0.17963504669189695,1.8229153084838818,2.5270846915161176
490,Long Beach,173,2.1275,0.18899322077788927,1.757073287275337,2.497926712724663
491,Long Beach,174,2.1525,0.18606030608380714,1.7878218000757378,2.517178199924262
492,Long Beach,175,2.1525,0.18606030608380714,1.7878218000757378,2.517178199924262
493,Long Beach,176,2.2375,0.19399983891745887,1.8572603157217804,2.6177396842782192
494,Long Beach,177,2.2625,0.18910562524684452,1.891852974516185,2.633147025483815
495,Long Beach,178,2.245,0.19312884300383515,1.8664674677124833,2.623532532287517
496,Long Beach,179,2.1975,0.20559289263007124,1.7945379304450602,2.6004620695549394
497,Long Beach,180,2.1525,0.21126035477580737,1.7384297046394175,2.5665702953605822
498,Long Beach,181,2.07,0.21390418415729973,1.6507477990516923,2.4892522009483073
499,Long Beach,203,2.15,0.24834451876375285,1.6632447432230444,2.6367552567769557
500,Long Beach,204,2.3675,0.3041026759171974,1.7714587552022931,2.963541244797707
501,Long Beach,205,2.505,0.32779376138053634,1.8625242276941487,3.1474757723058513
502,Long Beach,206,2.4074999999999998,0.33705109034091546,1.7468798629318054,3.068120137068194
503,Long Beach,207,2.3899999999999997,0.3382787312261886,1.7269736867966698,3.0530263132033295
504,Long Beach,208,2.3625,0.3376735664810024,1.7006598096972352,3.0243401903027642
505,Long Beach,209,2.3850000000000002,0.34362224898862415,1.7115003919822969,3.0584996080177036
506,Long Beach,210,2.3725,0.3418054088220372,1.702561398708807,3.042438601291193
507,Long Beach,211,2.4625,0.3355941559383893,1.804735454360757,3.120264545639243
508,Long Beach,212,2.4725,0.33631226189361574,1.8133279666885134,3.131672033311487
509,Long Beach,213,2.5149999999999997,0.330777493188397,1.8666761133507417,3.1633238866492577
510,Long Beach,214,2.6350000000000002,0.3229763923261265,2.0019662710407924,3.268033728959208
511,Long Beach,215,2.6425,0.32226299430744443,2.010864531157409,3.274135468842591
512,Long Beach,216,2.68,0.32000781240463494,2.052784687686916,3.3072153123130845
513,Long Beach,217,2.8,0.3531642677282061,2.107798035252716,3.4922019647472835
514,Long Beach,218,2.8150000000000004,0.3512317610923021,2.1265857482590884,3.5034142517409124
515,Long Beach,219,2.92,0.34187717092546555,2.2499207449860874,3.5900792550139125
516,Long Beach,220,3.0025000000000004,0.3240847690034198,2.3672938527532974,3.6377061472467034
517,Long Beach,221,3.0125,0.3214396327461815,2.3824783198174844,3.642521680182516
518,Long Beach,222,3.0900000000000003,0.30756300167607936,2.487176516714885,3.6928234832851157
519,Long Beach,223,3.1025,0.3114577619838683,2.492042786511618,3.712957213488382
520,Long Beach,224,2.9975,0.2804120851532615,2.4478923130996075,3.5471076869003926
521,Long Beach,225,2.87,0.2642300134352644,2.3521091736668818,3.3878908263331184
522,Long Beach,226,3.0375,0.2502717273285179,2.546967414436105,3.528032585563895
523,Long Beach,227,3.2575000000000003,0.28335655542090427,2.702121151375028,3.8128788486249725
524,Long Beach,228,3.5425000000000004,0.35880487385207016,2.839242447249943,4.245757552750058
525,Long Beach,229,3.4475000000000002,0.3594001078185704,2.7430757886756023,4.151924211324398
526,Long Beach,230,3.4699999999999998,0.35945097023098993,2.7654760983472597,4.17452390165274
527,Long Beach,231,3.4550000000000005,0.3610384328572237,2.747364671599842,4.1626353284001585
528,Long Beach,232,3.3925000000000005,0.3695821119859564,2.668119060507526,4.116880939492475
529,Long Beach,233,3.4675,0.36313349817938856,2.7557583435683983,4.179241656431602
530,Long Beach,234,3.45,0.3638165746636621,2.7369195136592226,4.163080486340778
531,Long Beach,235,3.5150000000000006,0.3572131716496467,2.814862183566693,4.215137816433308
532,Long Beach,236,3.5424999999999995,0.35488158236234235,2.8469320985698086,4.23806790143019
533,Long Beach,237,3.35,0.3430561178582886,2.6776100089977546,4.022389991002246
534,Long Beach,238,3.5650000000000004,0.3655834378086622,2.8484564618950223,4.2815435381049785
535,Long Beach,239,3.7024999999999997,0.3846666576400923,2.948553351025419,4.45644664897458
536,Long Beach,240,3.975,0.42621150852598993,3.13962544328906,4.81037455671094
537,Long Beach,241,4.0649999999999995,0.4076472126729189,3.266011463161078,4.863988536838921
538,Long Beach,242,4.1,0.40319040167146836,3.3097468127239216,4.890253187276078
539,Long Beach,243,3.9075,0.42137090253124976,3.0816130310387506,4.733386968961249
540,Long Beach,244,3.7975000000000003,0.43678477251387776,2.9414018458728,4.6535981541272005
541,Long Beach,245,3.835,0.43207493563038335,2.9881331261644486,4.681866873835551
542,Long Beach,246,3.8050000000000006,0.43179711671107757,2.9586776512462887,4.6513223487537125
543,Long Beach,247,3.63,0.41773795613997056,2.8112336059656577,4.448766394034342
544,Long Beach,248,3.3949999999999996,0.35418745037056293,2.700792597273696,4.089207402726303
545,Long Beach,249,3.505,0.3565091162929778,2.8062421320657633,4.203757867934236
546,Long Beach,250,3.5300000000000002,0.3580223456713281,2.828276202484197,4.231723797515803
547,Long Beach,251,3.6099999999999994,0.35555590277760823,2.9131104305558875,4.306889569444111
548,Long Beach,252,3.7350000000000003,0.3444397625129828,3.0598980654745542,4.410101934525446
549,Long Beach,253,3.8024999999999998,0.34888169556455667,3.1186918766934686,4.4863081233065305
550,Long Beach,254,3.7975000000000003,0.3494902537982998,3.112499102555333,4.482500897444668
551,Long Beach,255,3.9449999999999994,0.37006587251461054,3.2196708898713626,4.670329110128636
552,Long Beach,256,3.9575000000000005,0.36900669031875283,3.234246886975245,4.680753113024756
553,Long Beach,257,4.1125,0.35759395618494444,3.4116158458775088,4.813384154122491
554,Long Beach,258,3.9899999999999998,0.3387034100802647,3.3261413162426807,4.653858683757319
555,Long Beach,259,3.8975,0.3221698891889185,3.26604701718972,4.52895298281028
556,Long Beach,260,3.6700000000000004,0.2533377192602791,3.173458070249853,4.166541929750148
557,Long Beach,261,3.6574999999999998,0.2547860622169117,3.158119318054853,4.156880681945147
558,Long Beach,262,3.6175000000000006,0.2597420595513942,3.108405563279268,4.126594436720733
559,Long Beach,263,3.65,0.2468552207266437,3.166163767375778,4.133836232624222
560,Long Beach,264,3.6424999999999996,0.2501318402363042,3.1522415931368433,4.1327584068631555
561,Long Beach,265,3.6425000000000005,0.25013184023630414,3.1522415931368446,4.132758406863156
562,Long Beach,266,3.6375,0.2502217766302525,3.147065317804705,4.127934682195296
563,Long Beach,267,3.835,0.28313203633640616,3.2800612087806438,4.389938791219356
564,Long Beach,268,3.8625,0.28155538975484024,3.310651436080513,4.414348563919487
565,Long Beach,269,3.7825,0.2804522018098628,3.232813684452669,4.3321863155473315
566,Long Beach,270,3.655,0.29794924064343575,3.071019488338866,4.238980511661134
567,Long Beach,271,3.5075000000000003,0.3195949585021641,2.881093881335759,4.133906118664242
568,Long Beach,272,3.415,0.3208406925562903,2.786152242589671,4.043847757410329
569,Long Beach,273,3.3325000000000005,0.31169446177306387,2.7215788549247955,3.9434211450752055
570,Long Beach,274,3.2775,0.32000927720927086,2.650281816669829,3.9047181833301705
571,Long Beach,275,3.095,0.279237801882195,2.5476939083108983,3.642306091689102
572,Long Beach,276,3.145,0.28657241667683225,2.583318063313409,3.706681936686591
573,Long Beach,277,3.1475,0.28741248668072855,2.584171526105772,3.710828473894228
574,Long Beach,278,3.01,0.3003664428660432,2.4212817719825552,3.5987182280174443
575,Long Beach,279,2.975,0.2953282072542343,2.396156713781701,3.5538432862182994
576,Long Beach,280,2.95,0.2951694428629088,2.371467891988699,3.5285321080113015
577,Long Beach,281,2.9225,0.2963839359681965,2.341587485502335,3.503412514497665
578,Long Beach,282,2.8299999999999996,0.314571136628903,2.21344057220735,3.4465594277926495
579,Long Beach,283,2.8150000000000004,0.3169996056779882,2.1936807728711436,3.436319227128857
580,Long Beach,284,2.8400000000000003,0.31232194927670387,2.2278489794176606,3.45215102058234
581,Long Beach,285,2.7175000000000002,0.32956932123606403,2.0715441303773146,3.363455869622686
582,Long Beach,286,2.6225,0.33129433665548824,1.9731631001552432,3.271836899844757
583,Long Beach,287,2.3425000000000002,0.2699369139261987,1.813423648704651,2.8715763512953494
584,Long Beach,288,2.2600000000000002,0.2594368902064623,1.7515036951953342,2.7684963048046662
585,Long Beach,289,2.1775,0.2585409783767362,1.6707596823815973,2.684240317618403
586,Long Beach,290,2.1675,0.2597420595513942,1.6584055632792674,2.6765944367207326
587,Long Beach,291,2.1925,0.2562048740754165,1.6903384468121836,2.6946615531878164
588,Long Beach,292,2.1599999999999997,0.2565297253731037,1.6572017382687165,2.662798261731283
589,Long Beach,293,2.07,0.25237373080413894,1.5753474876238875,2.564652512376112
590,Long Beach,294,2.1875,0.2713594249330581,1.655635527131206,2.719364472868794
591,Long Beach,301,2.2125,0.27479253537896553,1.6739066306572274,2.7510933693427724
592,Long Beach,302,2.2225,0.27900436824537356,1.675651438239068,2.7693485617609324
593,Long Beach,303,2.1574999999999998,0.25130347689596333,1.6649451852839117,2.650054814716088
594,Long Beach,304,2.185,0.24718667035258998,1.7005141261089238,2.6694858738910763
595,Long Beach,305,2.0700000000000003,0.24195557443464702,1.595767074108092,2.5442329258919085
596,Long Beach,306,2.0125,0.24036105653786766,1.5413923291857796,2.4836076708142207
597,Long Beach,307,2.005,0.23986715073139964,1.5348603845664566,2.475139615433543
598,Long Beach,308,2.165,0.2485482850473928,1.67784536130711,2.65215463869289
599,Long Beach,309,2.27,0.25853916531156357,1.7632632359893354,2.7767367640106646
600,Long Beach,310,2.41,0.28334166654412124,1.8546503335735225,2.965349666426478
601,Long Beach,311,2.6450000000000005,0.3023015878224923,2.0524888878679155,3.2375111121320854
602,Long Beach,354,2.605,0.3115866653115952,1.9942901359892735,3.2157098640107264
603,Long Beach,355,2.6149999999999998,0.30915408779442005,2.0090579879229367,3.220942012077063
604,Long Beach,356,2.755,0.3281558318847922,2.1118145695058073,3.3981854304941925
605,Long Beach,357,2.79,0.32292801055343584,2.157061099315266,3.422938900684734
606,Long Beach,358,2.8625000000000003,0.3155327835582224,2.2440557442258844,3.480944255774116
607,Long Beach,359,2.8275,0.32371814515099395,2.193012435504052,3.4619875644959484
608,Long Beach,360,2.8575000000000004,0.3202591723901128,2.2297920221153795,3.4852079778846212
609,Long Beach,361,3.1350000000000002,0.36968060538794834,2.4104260134396216,3.859573986560379
610,Long Beach,362,3.1450000000000005,0.37117886523884946,2.4174894241318556,3.8725105758681453
611,Long Beach,363,3.045,0.3830453628488406,2.2942310888162725,3.7957689111837274
612,Long Beach,364,2.8375,0.3928402187913045,2.067533171169043,3.607466828830957
613,Long Beach,365,2.7625,0.39044645919767285,1.9972249399725615,3.527775060027439